PWL_ID,WIN,NAME,DESCRIPT,BASIN,FACT_SHEET,Shape__Area,Shape__Length
1702-0264,(MW5.4g) LIS-FI,Fishers Island Sound,estuary waters surrounding Fishers Island,Atlantic-Long Island Sound,https://www.dec.ny.gov/data/WQP/PWL/1702-0264.pdf,24429521.575683594,39406.73500551566
1701-0370,(MW6.3h) BIS-NB (portion 1b)/FPB,Fort Pond Bay,"entire bay, as described below",Atlantic-Long Island Sound,https://www.dec.ny.gov/data/WQP/PWL/1701-0370.pdf,3785569.3315429688,10293.810316375586
1702-0063,(MW3.4)  LIS-11 (portion 1),Milton Harbor/Lower Blind Brook,entire harbor,Atlantic-Long Island Sound,https://www.dec.ny.gov/data/WQP/PWL/1702-0063.html,565485.9802246094,5879.833050693465
1301-0006,H (portion 1),Hudson River (Class I),from mouth at Battery Park to Harlem River,Lower Hudson River,https://www.dec.ny.gov/data/WQP/PWL/1301-0006.pdf,27321600.08935547,120301.87475361733
1301-0094,H (portion 2b),"Hudson River (Class SB), portion",from Riverdale (Westch/Bronx Co line) to Bear Mt Brdg,Lower Hudson River,https://www.dec.ny.gov/data/WQP/PWL/1301-0094.pdf,127857753.87329102,179089.59032737275
1301-0005,H (portion 2a),"Hudson River (Class SB), portion",from Harlem River to Riverdale (Westch/Bronx Co line),Lower Hudson River,https://www.dec.ny.gov/data/WQP/PWL/1301-0005.pdf,6726456.4765625,12061.344339888621
1301-0003,H (portion 3),Hudson River (Class B),from Bear Mountain Bridge to Roseton/Chelsea,Lower Hudson River,https://www.dec.ny.gov/data/WQP/PWL/1301-0003.pdf,36061301.4140625,93326.12760082283
1301-0001,H (portion 4a),Hudson River (Class A),from Roseton/Chelsea to Kingston,Lower Hudson River,https://www.dec.ny.gov/data/WQP/PWL/1301-0001.html,41709867.84106445,108253.44394982615
1301-0276,H (portion 4b),Hudson River (Class A),from Kingston to south end of Houghtaling Island,Lower Hudson River,https://www.dec.ny.gov/data/WQP/PWL/1301-0276.html,63127336.10083008,251900.93883248104
1301-0002,H (portion 5),Hudson River (Class C),from south end of Houghtaling Island to Troy Dam,Lower Hudson River,https://www.dec.ny.gov/data/WQP/PWL/1301-0002.html,14167146.26538086,134186.89970626755
1701-0202,(MW8.2)  EB,East Bay,"entire bay, as described below",Atlantic-Long Island Sound,https://www.dec.ny.gov/data/WQP/PWL/1701-0202.html,12303751.252929688,129522.37877967778
1701-0203,(MW8.2a) EB-224 thru 227 (selected),Tidal Tribs to East Bay,total area of selected tidal tribs to bay,Atlantic-Long Island Sound,https://www.dec.ny.gov/data/WQP/PWL/1701-0203.pdf,1052225.2551269531,37009.469391692044
1702-0022,(MW4.3a) LIS-HH,"Hempstead Harbor, north, and tidal tribs","portion of bay, as described below",Atlantic-Long Island Sound,https://www.dec.ny.gov/data/WQP/PWL/1702-0022.html,10511879.669189453,20547.077923564928
1701-0283,"(MW5.4g) LIS-FI-P1101,P1102","Beach/Island Ponds, Fishers Island",total area of both ponds,Atlantic-Long Island Sound,https://www.dec.ny.gov/data/WQP/PWL/1701-0283.html,198703.7509765625,4055.2365297868882
1701-0042,(MW7.1c) AO-SB-QB,Quantuck Bay,entire bay,Atlantic-Long Island Sound,https://www.dec.ny.gov/data/WQP/PWL/1701-0042.html,1035944.02734375,6994.437165160548
1701-0282,(MW6.3h) BIS-GI-P712 thru P747,Tobaccolot Pond,total area of all tidal waters on the island,Atlantic-Long Island Sound,https://www.dec.ny.gov/data/WQP/PWL/1701-0282.pdf,1263300.4436035156,17757.334934035964
1701-0306,(MW7.2a) AO-MB-160a thru 168 (sel.),Tidal Tribs to East Moriches Bay,total area of selected tidal tribs to bay,Atlantic-Long Island Sound,https://www.dec.ny.gov/data/WQP/PWL/1701-0306.pdf,709649.7924804688,26480.505701884224
1701-0316,(MW7.2a) AO-MB (portion 4),"Forge River, Lower and Cove",reach from mouth to Ely Creek (Class SA portion),Atlantic-Long Island Sound,https://www.dec.ny.gov/data/WQP/PWL/1701-0316.html,4033310.889404297,15192.442087537665
1701-0031,(MW6.3h) BIS..P761,Lake Montauk,entire tidal waterbody,Atlantic-Long Island Sound,https://www.dec.ny.gov/data/WQP/PWL/1701-0031.html,4368424.150634766,14008.32297841836
1701-0246,(MW6.1d) GB..GPB- 96,West Creek and tidal tribs,entire tidal reach and tribs,Atlantic-Long Island Sound,https://www.dec.ny.gov/data/WQP/PWL/1701-0246.html,251943.09912109375,8728.306823126944
1701-0253,(MW6.3b) GB..GPB-122a-P651,Little Sebonac Creek,entire tidal reach and tribs,Atlantic-Long Island Sound,https://www.dec.ny.gov/data/WQP/PWL/1701-0253.html,570662.1186523438,13904.823456602393
1701-0254,"(MW6.1e) GB..FB,FB-111","Flanders Bay, West/Lower Sawmill Creek","entire bay, as described below",Atlantic-Long Island Sound,https://www.dec.ny.gov/data/WQP/PWL/1701-0254.html,592965.5815429688,7393.380857916224
1701-0275,(MW6.3f) GB-SIS-NH-137/P726,Alewife Brook/Pond,entire tidal reach and tribs,Atlantic-Long Island Sound,https://www.dec.ny.gov/data/WQP/PWL/1701-0275.pdf,101489.65209960938,3582.7280217411558
1702-0232,(MW5.3)  LIS- 59 thru 61,Tidal Tribs to Long Island Sound,total area of selected tidal tribs to sound,Atlantic-Long Island Sound,https://www.dec.ny.gov/data/WQP/PWL/1702-0232.pdf,344424.59716796875,9023.078007236485
1701-0127,(MW6.3b) GB..GPB-121/P647,Cold Spring Pond and tribs,entire tidal waterbody,Atlantic-Long Island Sound,https://www.dec.ny.gov/data/WQP/PWL/1701-0127.pdf,832232.9580078125,9752.55975153923
1701-0354,(MW6.3b) GB..GPB-122a-P652,Scallop Pond,entire pond,Atlantic-Long Island Sound,https://www.dec.ny.gov/data/WQP/PWL/1701-0354.html,522435.6647949219,4151.9226643978745
1701-0234,(MW6.1b) GB-SIS- 80c-P418a,Budds Pond,entire tidal waterbody,Atlantic-Long Island Sound,https://www.dec.ny.gov/data/WQP/PWL/1701-0234.html,139484.1376953125,6791.649682261786
1701-0050,(MW6.1b) GB-SIS/DH,Dering Harbor,entire harbor,Atlantic-Long Island Sound,https://www.dec.ny.gov/data/WQP/PWL/1701-0050.html,850152.5275878906,7258.544180131182
1701-0375,(MW7.6)  AO-GSB (portion 6),Nicoll Bay,"entire bay, as described below",Atlantic-Long Island Sound,https://www.dec.ny.gov/data/WQP/PWL/1701-0375.html,4497368.835449219,11892.419825892215
1702-0005,(MW2.5)  ER-LI-12,Flushing Creek/Bay,entire bay and creek (tidal portion),Atlantic-Long Island Sound,https://www.dec.ny.gov/data/WQP/PWL/1702-0005.html,3406996.9741210938,17450.090860443233
1702-0141,(MW4.2b) LIS-MB (portion 2),"Manhasset Bay, and tidal tribs","portion of bay, as described below",Atlantic-Long Island Sound,https://www.dec.ny.gov/data/WQP/PWL/1702-0141.html,2088650.3229980469,10867.409500131173
1702-0230,(MW5.2a) LIS-HB-NB-NH,Northport Harbor,entire harbor,Atlantic-Long Island Sound,https://www.dec.ny.gov/data/WQP/PWL/1702-0230.html,1801691.7770996094,10716.625441555614
1701-0366,(MW6.1b) GB-SIS/PC,Pipes Cove,"entire cove, as described below",Atlantic-Long Island Sound,https://www.dec.ny.gov/data/WQP/PWL/1701-0366.pdf,1469909.6254882812,5619.011705071903
1702-0011,(MW2.1)  ER (portion 1),"East River, Lower",river from Battery to Hells Gate,Atlantic-Long Island Sound,https://www.dec.ny.gov/data/WQP/PWL/1702-0011.html,9199902.483886719,64900.21864389095
1702-0260,(MW3.6)  LIS-13 (portion 1),Port Chester Harbor,"entire harbor, as described below",Atlantic-Long Island Sound,https://www.dec.ny.gov/data/WQP/PWL/1702-0260.html,97628.32739257812,1549.9398199507368
1701-0278,(MW6.3h) BIS,Block Island Sound,"entire sound, as described below",Atlantic-Long Island Sound,https://www.dec.ny.gov/data/WQP/PWL/1701-0278.pdf,619006024.935791,124666.08440339945
1701-0145,(MW7.1a) AO-P780,Georgica Pond,entire tidal waterbody,Atlantic-Long Island Sound,https://www.dec.ny.gov/data/WQP/PWL/1701-0145.html,1180601.1853027344,12910.769072814624
1701-0163,(MW6.1a) GB-CI,Coecles Harbor,entire inlet,Atlantic-Long Island Sound,https://www.dec.ny.gov/data/WQP/PWL/1701-0163.pdf,4779471.114746094,21025.778608269295
1701-0355,(MW7.1b) AO-P818,Halsey Neck Pond,entire pond,Atlantic-Long Island Sound,https://www.dec.ny.gov/data/WQP/PWL/1701-0355.pdf,33495.822509765625,917.5059454574711
1701-0363,(MW8.6a) JB-250a,Paerdegat Basin,entire basin,Atlantic-Long Island Sound,https://www.dec.ny.gov/data/WQP/PWL/1701-0363.html,359645.18310546875,5254.774384742461
1701-0318,(MW7.2b) AO-MB-NB,Narrow Bay,"entire bay, as described below",Atlantic-Long Island Sound,https://www.dec.ny.gov/data/WQP/PWL/1701-0318.html,4325542.364501953,19980.79076303006
1701-0320,(MW7.3)  AO-GSB (portion 4),Bellport Bay,"entire bay, as described below",Atlantic-Long Island Sound,https://www.dec.ny.gov/data/WQP/PWL/1701-0320.html,10407446.257324219,16363.391743251565
1702-0010,(MW2.4)  ER (portion 2),"East River, Upper",river from Hells Gate to Whitestone Bridge in Queens,Atlantic-Long Island Sound,https://www.dec.ny.gov/data/WQP/PWL/1702-0010.html,11615470.78149414,37837.592830166584
1702-0263,(MW4.3a) LIS-HH,"Hempstead Harbor, south, and tidal tribs","portion of bay, as described below",Atlantic-Long Island Sound,https://www.dec.ny.gov/data/WQP/PWL/1702-0263.html,1500028.6633300781,8989.93969145488
1702-0099,(MW5.4d) LIS- 68,"Wading River, Lower, and tidal tribs",tidal portion of stream and tribs,Atlantic-Long Island Sound,https://www.dec.ny.gov/data/WQP/PWL/1702-0099.pdf,49361.880859375,4586.922519703426
1702-0140,(MW4.1a)  ER/LIS-LNB-P119a,Undalls Mill Pond,entire tidal waterbody,Atlantic-Long Island Sound,https://www.dec.ny.gov/data/WQP/PWL/1702-0140.pdf,48978.541748046875,1573.77788195051
1702-0131,(MW3.5)  LIS-12,Playland Lake,entire tidal waterbody,Atlantic-Long Island Sound,https://www.dec.ny.gov/data/WQP/PWL/1702-0131.pdf,317056.9787597656,3031.6364227096474
1702-0015,(MW5.4c) LIS-PJH (portion 1),"Port Jefferson Harbor, North, and tribs","portion of harbor, as described below",Atlantic-Long Island Sound,https://www.dec.ny.gov/data/WQP/PWL/1702-0015.html,4053268.0505371094,16433.44970478537
1702-0071,(MW3.3)  LIS- 8 (portion 2),"Mamaroneck River, Lower",river from mouth to Route 1 (tidal portion),Atlantic-Long Island Sound,https://www.dec.ny.gov/data/WQP/PWL/1702-0071.html,307185.380859375,5360.528515029526
1702-0091,(MW5.4c) LIS-PJH-CB,Conscience Bay and tidal tribs,entire bay,Atlantic-Long Island Sound,https://www.dec.ny.gov/data/WQP/PWL/1702-0091.html,924113.7204589844,5463.699758217737
1701-0169,(MW6.3h) BIS..P764,Oyster Pond/Lake Munchogue,entire tidal waterbody,Atlantic-Long Island Sound,https://www.dec.ny.gov/data/WQP/PWL/1701-0169.html,484966.06396484375,3904.790366426296
1701-0309,(MW7.2a) AO-MB (portion 3),"Tuthill, Harts, Seatuck Coves",total area of all three coves,Atlantic-Long Island Sound,https://www.dec.ny.gov/data/WQP/PWL/1701-0309.html,4248608.477050781,21970.160105591865
1701-0294,"(MW7.1b) AO-SB-143,144",Heady and Taylor Creeks and tribs,total length of both streams and tribs,Atlantic-Long Island Sound,https://www.dec.ny.gov/data/WQP/PWL/1701-0294.html,927305.1044921875,9680.956266944837
1702-0023,(MW5.3)  LIS (portion 4a)/SB,Smithtown Bay,"entire bay, as described below",Atlantic-Long Island Sound,https://www.dec.ny.gov/data/WQP/PWL/1702-0023.pdf,89781168.40063477,52016.31984353187
1701-0303,(MW7.1c) AO-SB-QB-157 thru 160(sel),Tidal Tribs to Quantuck Bay/Canal,total area of selected (Class SC) tribs to bay/canal,Atlantic-Long Island Sound,https://www.dec.ny.gov/data/WQP/PWL/1701-0303.pdf,866855.6811523438,12448.578755801682
1701-0240,(MW6.1b) GB-SIS-SI-1-P431,Crab Creek and tidal tribs,entire tidal reach and tribs,Atlantic-Long Island Sound,https://www.dec.ny.gov/data/WQP/PWL/1701-0240.pdf,93324.18408203125,3203.5874139560624
1701-0252,(MW6.3b) GB..GPB-120,"Shinnecock Canal, north end, and tribs","canal, from mouth (Shinnecock Light) to locks",Atlantic-Long Island Sound,https://www.dec.ny.gov/data/WQP/PWL/1701-0252.pdf,82955.58154296875,2489.626222420019
1701-0279,(MW6.3g) GB-NB-141/P749,Fresh Pond,entire tidal waterbody,Atlantic-Long Island Sound,https://www.dec.ny.gov/data/WQP/PWL/1701-0279.pdf,67452.50317382812,1838.464027928112
1701-0272,(MW6.3a) GB..FB-RB,Reeves Bay and tidal tribs,entire bay and tidal tribs,Atlantic-Long Island Sound,https://www.dec.ny.gov/data/WQP/PWL/1701-0272.html,1488057.3569335938,17039.96183835851
1701-0338,(MW7.8)  AO-GSB-193a thru 204 (sel),"Tidal Tribs to Great South Bay, Middle",total area of selected tidal tribs to bay,Atlantic-Long Island Sound,https://www.dec.ny.gov/data/WQP/PWL/1701-0338.pdf,1311444.2746582031,46514.393911776286
1701-0236,(MW6.1b) GB-SIS- 84-P423,Goose Creek,entire tidal waterbody,Atlantic-Long Island Sound,https://www.dec.ny.gov/data/WQP/PWL/1701-0236.html,340751.14892578125,8153.873345834687
1701-0365,(MW6.3d) GB-SIS,"Shelter Island Sound, South, and tribs",Sound and selected tidal tribs south of Paradise Point,Atlantic-Long Island Sound,https://www.dec.ny.gov/data/WQP/PWL/1701-0365.pdf,20106641.571289062,42557.782366402666
1701-0319,(MW7.2b) AO-MB-NB-175a thru 176d,Tidal Tribs to Narrow Bay,total area of selected tidal tribs to bay,Atlantic-Long Island Sound,https://www.dec.ny.gov/data/WQP/PWL/1701-0319.pdf,725960.1091308594,20248.262293918626
1701-0111,(MW7.1b) AO-SB-153,Weesuck Creek and tidal tribs,entire tidal reach and tribs,Atlantic-Long Island Sound,https://www.dec.ny.gov/data/WQP/PWL/1701-0111.html,63649.97265625,2329.756119501286
1701-0230,(MW6.1a) GB-P397,Spring Pond,entire tidal waterbody,Atlantic-Long Island Sound,https://www.dec.ny.gov/data/WQP/PWL/1701-0230.pdf,26282.378173828125,1481.2404943382667
1702-0150,"(MW5.1b) LIS-42,43",Minor Tribs to Long Island Sound,total area of selected tidal tribs to sound,Atlantic-Long Island Sound,https://www.dec.ny.gov/data/WQP/PWL/1702-0150.pdf,77546.58715820312,5307.9706087773075
1701-0374,(MW8.4)  HB (portion 4a)/IPC,Island Park Channel,entire channel,Atlantic-Long Island Sound,https://www.dec.ny.gov/data/WQP/PWL/1701-0374.pdf,43394.012939453125,2458.1816440892235
1701-0372,(MW7.8)  AO-GSB-204 thru 216,"Tidal Tribs to Great South Bay, West",total area of selected tidal tribs to bay,Atlantic-Long Island Sound,https://www.dec.ny.gov/data/WQP/PWL/1701-0372.pdf,2700683.6384277344,115788.50085966269
1702-0014,(MW5.2a) LIS-HB,Huntington Bay,"entire bay, as described below",Atlantic-Long Island Sound,https://www.dec.ny.gov/data/WQP/PWL/1702-0014.pdf,5657528.032714844,10021.194871745398
1701-0200,(MW8.1a) SOB-216 thru 219,Tidal Tribs to South Oyster Bay,total area of selected tidal tribs to bay,Atlantic-Long Island Sound,https://www.dec.ny.gov/data/WQP/PWL/1701-0200.html,1601629.8247070312,71671.49623967014
1701-0208,(MW8.3)  MDB (portion 1),Middle Bay,"entire bay, as described below",Atlantic-Long Island Sound,https://www.dec.ny.gov/data/WQP/PWL/1701-0208.html,9170220.056884766,136467.67136605142
1701-0168,(MW6.1a) GB-OH,Orient Harbor and minor tidal tribs,entire harbor and selected/smaller tidal tribs,Atlantic-Long Island Sound,https://www.dec.ny.gov/data/WQP/PWL/1701-0168.pdf,11463813.87475586,17395.974892857696
1701-0164,(MW6.1a) GB,Gardiners Bay and minor tidal tribs,"entire bay, as described below",Atlantic-Long Island Sound,https://www.dec.ny.gov/data/WQP/PWL/1701-0164.pdf,164524259.6081543,66818.76561036753
1702-0032,(MW2.4)  ER (portion 3),"East River, Upper","river from Whitestone Br to Throgs Neck Br, Queens",Atlantic-Long Island Sound,https://www.dec.ny.gov/data/WQP/PWL/1702-0032.html,4764811.712890625,13217.381556844803
1701-0038,(MW7.2a) AO-MB (portion 2),"Moriches Bay, West","portion of bay, as described below",Atlantic-Long Island Sound,https://www.dec.ny.gov/data/WQP/PWL/1701-0038.html,12186960.232666016,35464.54530301585
1702-0046,(MW5.4g) LIS-FI-WH,"West Harbor, Fishers Island","entire harbor, as described below",Atlantic-Long Island Sound,https://www.dec.ny.gov/data/WQP/PWL/1702-0046.html,1502028.9663085938,9433.547303067995
1701-0219,(MW8.4a) HB-236,Woodmere Channel,entire channel,Atlantic-Long Island Sound,https://www.dec.ny.gov/data/WQP/PWL/1701-0219.html,106142.07666015625,3235.8140772918428
1701-0022,(MW1.3)  UB,Upper New York Bay,"entire bay, as described below",Atlantic-Long Island Sound,https://www.dec.ny.gov/data/WQP/PWL/1701-0022.html,25315032.307128906,69210.90687649978
1701-0039,(MW7.3)  AO-GSB (portion 1),"Great South Bay, East","portion of bay, as described below",Atlantic-Long Island Sound,https://www.dec.ny.gov/data/WQP/PWL/1701-0039.html,48332124.18334961,61278.57796140082
1701-0045,(MW6.1c) GB..LPB-CH,Cutchogue Harbor and tidal tribs,entire harbor and tidal tribs,Atlantic-Long Island Sound,https://www.dec.ny.gov/data/WQP/PWL/1701-0045.pdf,4883944.264160156,38721.91897102322
1701-0299,(MW7.1b) AO-SB-155,"Phillips Creek, Lower, and tidal tribs",tidal portion of stream and tribs,Atlantic-Long Island Sound,https://www.dec.ny.gov/data/WQP/PWL/1701-0299.html,176180.15283203125,3675.282505741643
1702-0047,(MW5.3) LIS-SB-SBH,Stony Brook Harbor and West Meadow Creek,entire harbor and tidal tribs,Atlantic-Long Island Sound,https://www.dec.ny.gov/data/WQP/PWL/1702-0047.html,3218391.44921875,42481.78835552584
1701-0033,(MW7.1b) AO-SB,Shinnecock Bay and Inlet,entire bay (including inlet),Atlantic-Long Island Sound,https://www.dec.ny.gov/data/WQP/PWL/1701-0033.html,32223093.619140625,75534.23611692621
1701-0036,(MW6.3f) GB-TMH,Three Mile Harbor,entire harbor,Atlantic-Long Island Sound,https://www.dec.ny.gov/data/WQP/PWL/1701-0036.pdf,4145365.287109375,21304.909913869436
1701-0232,(MW6.1b) GB-SIS- 79,"SI Sound Trib/Moores Drain, Lower, tribs",tidal portion of stream and tribs,Atlantic-Long Island Sound,https://www.dec.ny.gov/data/WQP/PWL/1701-0232.pdf,46488.028076171875,2039.403826936881
1701-0376,(MW7.8)  AO-GSB (portion 7),Great Cove,"entire cove, as described below",Atlantic-Long Island Sound,https://www.dec.ny.gov/data/WQP/PWL/1701-0376.html,14145796.737792969,33734.67163345647
1702-0001,(MW3.4)  LIS (portion 2b),"Long Island Sound, Westchester (East)","Sound east of N/S line fr Premium Pt, in Westchester Co",Atlantic-Long Island Sound,https://www.dec.ny.gov/data/WQP/PWL/1702-0001.html,55549479.17553711,62384.86657142489
1702-0003,(MW3.2)  LIS- 2 (portion 2),"Hutchinson River, Lower, and tribs",reach and tribs from mouth to E.Colonial Ave (tidal),Atlantic-Long Island Sound,https://www.dec.ny.gov/data/WQP/PWL/1702-0003.html,640294.5712890625,15773.722249604174
1702-0125,(MW3.3)  LIS- 8 (portion 1),Mamaroneck Harbor,entire harbor,Atlantic-Long Island Sound,https://www.dec.ny.gov/data/WQP/PWL/1702-0125.html,514684.033203125,12054.658267083301
1702-0016,(MW5.1c) LIS-OBH,Oyster Bay Harbor,entire bay,Atlantic-Long Island Sound,https://www.dec.ny.gov/data/WQP/PWL/1702-0016.html,9911329.889892578,24272.102309954193
1702-0266,(MW5.4e) LIS (portion 6),"Long Island Sound, Suffolk County, East",Sound from Mattituck Inlet to East Point/Fishers Island,Atlantic-Long Island Sound,https://www.dec.ny.gov/data/WQP/PWL/1702-0266.pdf,407559085.9465332,125264.17999115048
1701-0170,(MW6.1b) GB-SIS,"Shelter Island Sound, North, and tribs",Sound and selected tidal tribs north of Paradise Point,Atlantic-Long Island Sound,https://www.dec.ny.gov/data/WQP/PWL/1701-0170.pdf,10976850.099609375,34575.99314237413
1701-0369,(MW6.3h) BIS-NB (portion 1),Napeague Bay,"entire bay, as described below",Atlantic-Long Island Sound,https://www.dec.ny.gov/data/WQP/PWL/1701-0369.pdf,77885186.27929688,46488.168647001876
1701-0373,(MW8.3)  MDB (portion 7)/JIJB,Jones Inlet/Jones Bay,"entire inlet/bay, as described below",Atlantic-Long Island Sound,https://www.dec.ny.gov/data/WQP/PWL/1701-0373.html,4251518.067626953,22473.268802469378
1701-0217,(MW8.4)  HB (portion 6)/ERI,East Rockaway Inlet,"channel, west of Atlantic Beach Blvd",Atlantic-Long Island Sound,https://www.dec.ny.gov/data/WQP/PWL/1701-0217.html,723932.5183105469,5427.387629587015
1701-0048,(MW6.3c) GB..LPB-124-P665,Wooley Pond,entire tidal waterbody,Atlantic-Long Island Sound,https://www.dec.ny.gov/data/WQP/PWL/1701-0048.html,131057.79956054688,3327.6669754243067
1701-0214,(MW8.3)  MDB (portion 5)/LC,Long Creek,total area of channel/bay/cove,Atlantic-Long Island Sound,https://www.dec.ny.gov/data/WQP/PWL/1701-0214.pdf,2559324.0258789062,40657.96397471586
1701-0238,(MW6.3d) GB-SIS-127,Mill Creek and tidal tribs,entire tidal reach and tribs,Atlantic-Long Island Sound,https://www.dec.ny.gov/data/WQP/PWL/1701-0238.pdf,131630.63159179688,3985.779740725267
1701-0244,(MW6.1c) GB..LPB- 89,Corey Creek and tidal tribs,entire tidal reach and tribs,Atlantic-Long Island Sound,https://www.dec.ny.gov/data/WQP/PWL/1701-0244.pdf,426125.1276855469,8232.940525017546
1701-0245,(MW6.1c) GB..LPB- 90,Richmond Creek and tidal tribs,entire tidal reach and tribs,Atlantic-Long Island Sound,https://www.dec.ny.gov/data/WQP/PWL/1701-0245.html,309824.3359375,7126.035025172245
1702-0020,(MW5.4e) LIS- 71,"Mattituck Inlet/Creek, and tidal tribs",tidal portion of stream and tribs,Atlantic-Long Island Sound,https://www.dec.ny.gov/data/WQP/PWL/1702-0020.html,582139.7243652344,15738.212187395438
1701-0162,(MW6.1b) GB-SIS-P420,Hashamomuck Pond,"entire bay, as described below",Atlantic-Long Island Sound,https://www.dec.ny.gov/data/WQP/PWL/1701-0162.html,541317.4099121094,5565.477203933901
1701-0273,(MW6.3a) GB..FB-114 thru 117,"Tidal Tribs to Flanders Bay, South Shore",total area of selected tidal tribs to bay,Atlantic-Long Island Sound,https://www.dec.ny.gov/data/WQP/PWL/1701-0273.pdf,511249.7590332031,14932.900874148883
1701-0251,(MW6.3b) GB..GPB-119/P645,Squire Pond and tribs,entire tidal waterbody,Atlantic-Long Island Sound,https://www.dec.ny.gov/data/WQP/PWL/1701-0251.pdf,80454.61645507812,1545.5444680984074
1701-0321,(MW7.4)  AO-GSB-177,"Carmans River, Lower, and tribs",reach and tribs from mouth to LIRR (tidal),Atlantic-Long Island Sound,https://www.dec.ny.gov/data/WQP/PWL/1701-0321.pdf,1012322.2670898438,33126.70745939154
1701-0333,(MW7.5)  AO-GSB-188a thru 192 (sel),"Tidal Tribs to Great South Bay, Middle",total area of selected tidal tribs to bay,Atlantic-Long Island Sound,https://www.dec.ny.gov/data/WQP/PWL/1701-0333.pdf,507709.4689941406,37999.567280621755
1702-0142,(MW4.2b) LIS-MB (portion 3),"Manhasset Bay, and tidal tribs","portion of bay, as described below",Atlantic-Long Island Sound,https://www.dec.ny.gov/data/WQP/PWL/1702-0142.pdf,736755.2922363281,5914.267136137762
1702-0146,(MW4.3a) LIS-HH-38,"Glen Cove Creek, Lower, and tribs",reach and tribs from mouth to/incl Pratt Park Pond,Atlantic-Long Island Sound,https://www.dec.ny.gov/data/WQP/PWL/1702-0146.html,150766.68481445312,4560.080599319857
1702-0148,(MW4.3b) LIS-40/P145a,West Pond,entire tidal waterbody,Atlantic-Long Island Sound,https://www.dec.ny.gov/data/WQP/PWL/1702-0148.pdf,92049.2041015625,1910.7048790301624
1701-0193,(MW8.6a) JB-251,Gerritsen Creek and tidal tribs,entire basin and tidal tribs,Atlantic-Long Island Sound,https://www.dec.ny.gov/data/WQP/PWL/1701-0193.pdf,913443.1801757812,15012.906464132564
1701-0313,(MW7.2a) AO-MB-170,"Terrell River, Lower, and tidal tribs",tidal portion of stream and tribs fr mouth to Mill Pond,Atlantic-Long Island Sound,https://www.dec.ny.gov/data/WQP/PWL/1701-0313.pdf,289278.10546875,6180.39662705129
1701-0152,(MW8.5a) JB-241a,Thurston Basin,entire basin,Atlantic-Long Island Sound,https://www.dec.ny.gov/data/WQP/PWL/1701-0152.html,126701.38256835938,3229.3842747072504
1701-0298,(MW7.1b) AO-SB-148 thru 150,"Penny Pond, Wells and Smith Creeks",total area of both waters,Atlantic-Long Island Sound,https://www.dec.ny.gov/data/WQP/PWL/1701-0298.html,369597.2783203125,7299.027407918078
1702-0027,(MW3.1)  LIS (portion 1),"Long Island Sound, Bronx",Sound fr Throgs Neck Br to line btw Premium/Hewlett Pts,Atlantic-Long Island Sound,https://www.dec.ny.gov/data/WQP/PWL/1702-0027.html,33358629.349365234,76199.19980741096
1701-0173,(MW7.3)  AO-GSB (portion 3),"Great South Bay, West","portion of bay, as described below",Atlantic-Long Island Sound,https://www.dec.ny.gov/data/WQP/PWL/1701-0173.html,46593591.046875,217318.39840876448
1701-0312,(MW7.2a) AO-MB-168a thru 175 (sel.),Tidal tribs to West Moriches Bay,total area of selected tidal tribs to coves,Atlantic-Long Island Sound,https://www.dec.ny.gov/data/WQP/PWL/1701-0312.html,1331987.2482910156,31357.70551007526
1701-0229,(MW6.1a) GB- 77a-P396,Marion Lake,entire tidal waterbody,Atlantic-Long Island Sound,https://www.dec.ny.gov/data/WQP/PWL/1701-0229.pdf,109387.07470703125,2483.034734548481
1701-0295,(MW7.1b) AO-SB-145 thru 146a,"Old Fort, Middle, and Far Ponds",total area of all three ponds,Atlantic-Long Island Sound,https://www.dec.ny.gov/data/WQP/PWL/1701-0295.pdf,590288.5866699219,9099.064322898937
1702-0024,(MW4.3b) LIS-41-P145,Dosoris Pond,entire tidal waterbody,Atlantic-Long Island Sound,https://www.dec.ny.gov/data/WQP/PWL/1702-0024.html,415697.93701171875,4940.376853309582
1701-0041,(MW8.1)  SOB,South Oyster Bay,"entire bay, as described below",Atlantic-Long Island Sound,https://www.dec.ny.gov/data/WQP/PWL/1701-0041.html,21467212.58251953,160291.21611561137
1701-0305,(MW7.2a) AO-MB (portion 1),"Moriches Bay, East","portion of bay, as described below",Atlantic-Long Island Sound,https://www.dec.ny.gov/data/WQP/PWL/1701-0305.html,12715137.081542969,29482.315084025606
1701-0030,(MW6.1e) GB..FB,"Flanders Bay, East/Center, and tribs","entire bay, as described below",Atlantic-Long Island Sound,https://www.dec.ny.gov/data/WQP/PWL/1701-0030.html,8790232.043457031,15546.51782246344
1701-0035,"(MW6.3e) GB-SIS-SHB,SHC",Sag Harbor and Sag Harbor Cove,entire harbor and cove,Atlantic-Long Island Sound,https://www.dec.ny.gov/data/WQP/PWL/1701-0035.html,5428523.969238281,27390.704468141346
1701-0037,(MW6.3c) GB..LPB-123-P659,North Sea Harbor and tribs,entire harbor and selected/smaller tidal tribs,Atlantic-Long Island Sound,https://www.dec.ny.gov/data/WQP/PWL/1701-0037.html,796029.9401855469,16682.61337624767
1701-0250,(MW6.3b) GB..GPB-118/P644,Red Creek Pond and tidal tribs,entire tidal reach and tribs,Atlantic-Long Island Sound,https://www.dec.ny.gov/data/WQP/PWL/1701-0250.pdf,191868.77880859375,3528.450119671547
1701-0292,(MW7.1b) AO-P790..P808,Channel Pond,entire tidal waterbody,Atlantic-Long Island Sound,https://www.dec.ny.gov/data/WQP/PWL/1701-0292.pdf,108328.810546875,1713.3824802820868
1702-0026,(MW5.4e) LIS- 72,Goldsmith Inlet,entire inlet,Atlantic-Long Island Sound,https://www.dec.ny.gov/data/WQP/PWL/1702-0026.html,87309.2080078125,1952.5556141250472
1702-0028,(MW4.2)  LIS (portion 3b),"Long Island Sound, Nassau County Waters",Sound fr line btw Premium/Hewlett Pts to Nassau/Suffolk,Atlantic-Long Island Sound,https://www.dec.ny.gov/data/WQP/PWL/1702-0028.html,133769031.16772461,91959.86660975893
1701-0224,(MW8.5a) JB-238 thru 241 (select),LI Tidal Tribs to Jamaica Bay,total area of selected tidal tribs to bay,Atlantic-Long Island Sound,https://www.dec.ny.gov/data/WQP/PWL/1701-0224.pdf,916735.9709472656,37523.70914496098
1701-0046,(MW6.3f) GB-SIS-NH-136,Northwest Creek and tidal tribs,entire tidal reach and tribs,Atlantic-Long Island Sound,https://www.dec.ny.gov/data/WQP/PWL/1701-0046.html,583075.9650878906,7296.116166306908
1701-0047,(MW6.3g) GB-AH,Acabonack Harbor,entire harbor,Atlantic-Long Island Sound,https://www.dec.ny.gov/data/WQP/PWL/1701-0047.html,1190613.1413574219,17459.120609029887
1702-0019,(MW5.4d) LIS-  MSH,Mt Sinai Harbor and tidal tribs,entire harbor and tidal tribs,Atlantic-Long Island Sound,https://www.dec.ny.gov/data/WQP/PWL/1702-0019.html,1606394.0659179688,19883.36620442324
1701-0255,(MW6.1e) GB..FB-105 thru 109,"Tidal Tribs to Flanders Bay, North Shore",total area of selected tidal tribs to bay,Atlantic-Long Island Sound,https://www.dec.ny.gov/data/WQP/PWL/1701-0255.pdf,136627.36669921875,4953.725003254537
1701-0324,"(MW7.5)  AO-GSB-178,179","Beaverdam/Motts Creeks, Lower, and tribs",total area of lower/tidal portions of both streams,Atlantic-Long Island Sound,https://www.dec.ny.gov/data/WQP/PWL/1701-0324.pdf,77299.04638671875,5155.812690513126
1701-0327,(MW7.5)  AO-GSB-180 thru 188 (sel.),Tidal Tribs to Patchogue Bay,total area of selected tidal tribs to bay,Atlantic-Long Island Sound,https://www.dec.ny.gov/data/WQP/PWL/1701-0327.pdf,524837.7944335938,25091.315485886542
1701-0051,(MW6.3b) GB..GPB-122-P648,Sebonac Cr/Bullhead Bay and tidal tribs,entire tidal reach and tribs,Atlantic-Long Island Sound,https://www.dec.ny.gov/data/WQP/PWL/1701-0051.html,679229.8037109375,9714.896285618255
1702-0241,(MW5.4c) LIS-PJH (portion 2),"Port Jefferson Harbor, South, and tribs","portion of harbor, as described below",Atlantic-Long Island Sound,https://www.dec.ny.gov/data/WQP/PWL/1702-0241.pdf,479821.0,3287.59241945422
1701-0172,(MW6.1c) GB..LPB,Little Peconic Bay,"entire bay, as described below",Atlantic-Long Island Sound,https://www.dec.ny.gov/data/WQP/PWL/1701-0172.pdf,52348409.946777344,37724.56743196597
1701-0178,(MW8.6a) JB-250b,Mill Basin and tidal tribs,entire basin and tidal tribs,Atlantic-Long Island Sound,https://www.dec.ny.gov/data/WQP/PWL/1701-0178.html,1224490.3266601562,13040.407199513658
1701-0012,(MW1.3)  SI- 8 (portion 1),Fresh Kills,reach fr mouth to Richmond/Main Cr confluence (tidal),Atlantic-Long Island Sound,https://www.dec.ny.gov/data/WQP/PWL/1701-0012.pdf,810626.8540039062,5556.053669114429
1701-0180,(MW1.2)  RB (portion 2),"Raritan Bay, West","portion of bay, as described below",Atlantic-Long Island Sound,https://www.dec.ny.gov/data/WQP/PWL/1701-0180.pdf,8344213.179199219,12517.12741024333
1701-0227,(MW6.1a) GB-LBB,Hallock/Long Beach Bay and tidal tribs,entire bay and tidal tribs,Atlantic-Long Island Sound,https://www.dec.ny.gov/data/WQP/PWL/1701-0227.pdf,2695782.9252929688,22139.57483756105
1702-0025,(MW5.3)  LIS- 62,"Nissequogue River, Lower",reach from mouth to Philips Mill Pond (tidal portion),Atlantic-Long Island Sound,https://www.dec.ny.gov/data/WQP/PWL/1702-0025.html,2141724.2973632812,44727.298720586325
1701-0040,(MW7.3)  AO-GSB (portion 2),"Great South Bay, Middle","portion of bay, as described below",Atlantic-Long Island Sound,https://www.dec.ny.gov/data/WQP/PWL/1701-0040.html,124692234.86816406,117128.02572338116
1701-0307,(MW7.2a) AO-MB-162-P837,Beaverdam Pond,entire pond,Atlantic-Long Island Sound,https://www.dec.ny.gov/data/WQP/PWL/1701-0307.pdf,36378.607421875,1371.0968419106919
1701-0215,(MW8.3)  MDB (portion 8)/RC,"Reynolds Channel, east","channel, from Jones Inlet to Long Beach Blvd",Atlantic-Long Island Sound,https://www.dec.ny.gov/data/WQP/PWL/1701-0215.html,1922963.8715820312,24056.234251459264
1702-0021,(MW4.2b) LIS-MB (portion 1),"Manhasset Bay, and tidal tribs","portion of bay, as described below",Atlantic-Long Island Sound,https://www.dec.ny.gov/data/WQP/PWL/1702-0021.html,5778290.322753906,18430.4158090386
1701-0132,(MW6.3d) GB-SIS-SI-WNH,West Neck Harbor,entire harbor,Atlantic-Long Island Sound,https://www.dec.ny.gov/data/WQP/PWL/1701-0132.pdf,1531154.8859863281,6618.640424530329
1701-0259,(MW6.2)  GB..FB-112 (portion 1),"Peconic River, Lower, and tidal tribs",reach and tribs from mouth to Peconic Ave Dam (tidal),Atlantic-Long Island Sound,https://www.dec.ny.gov/data/WQP/PWL/1701-0259.html,591143.3161621094,12343.094508661607
1701-0337,(MW7.6)  AO-GSB-193,"Connetquot River, Lower, and tribs",reach and tribs from mouth to Montauk Highway (tidal),Atlantic-Long Island Sound,https://www.dec.ny.gov/data/WQP/PWL/1701-0337.pdf,1885513.0600585938,26170.720029677883
1702-0002,(MW2.1)  ER-LI- 4,Newtown Creek and tidal tribs,entire tidal reach and tribs,Atlantic-Long Island Sound,https://www.dec.ny.gov/data/WQP/PWL/1702-0002.html,656422.5578613281,18762.5431309747
1701-0235,"(MW6.1b) GB-SIS- 83a,83b",Town/Jockey Creeks and tidal tribs,entire tidal reach and tribs,Atlantic-Long Island Sound,https://www.dec.ny.gov/data/WQP/PWL/1701-0235.html,326645.0100097656,7009.196173439961
1701-0362,(MW8.6a) JB-250,Fresh Creek,entire creek/basin,Atlantic-Long Island Sound,https://www.dec.ny.gov/data/WQP/PWL/1701-0362.pdf,260727.904296875,6402.868242475808
1702-0227,(MW5.2a) LIS-HB-LH,Lloyd Harbor,entire harbor,Atlantic-Long Island Sound,https://www.dec.ny.gov/data/WQP/PWL/1702-0227.pdf,2825091.98828125,16942.661731834447
1701-0368,(MW6.3f) GB-SIS-NH,Northwest Harbor,"entire Harbor, as described below",Atlantic-Long Island Sound,https://www.dec.ny.gov/data/WQP/PWL/1701-0368.pdf,5532097.736083984,10051.168510462201
1702-0256,(MW5.2a) LIS-HB-NB,Northport Bay,"entire bay, as described below",Atlantic-Long Island Sound,https://www.dec.ny.gov/data/WQP/PWL/1702-0256.pdf,7653719.070800781,17931.00157928714
1702-0262,(MW5.2a) LIS-HB-NB-DIH,Duck Island Harbor,entire harbor,Atlantic-Long Island Sound,https://www.dec.ny.gov/data/WQP/PWL/1702-0262.pdf,1104083.046875,10157.621241396413
1702-0048,(MW4.2b) LIS-MB-P122c,Leeds Pond,entire tidal waterbody,Atlantic-Long Island Sound,https://www.dec.ny.gov/data/WQP/PWL/1702-0048.pdf,86790.47534179688,1439.8008718120789
1702-0129,(MW3.3)  LIS-10/P1096,Otter Creek/Mill Pond and tidal tribs,entire tidal reach and tribs,Atlantic-Long Island Sound,https://www.dec.ny.gov/data/WQP/PWL/1702-0129.pdf,118343.50561523438,3116.231105954852
1702-0145,(MW4.2b) LIS-MB-P125,Mill Pond,entire tidal waterbody,Atlantic-Long Island Sound,https://www.dec.ny.gov/data/WQP/PWL/1702-0145.pdf,20937.403564453125,749.8911770235381
1702-0018,(MW5.1d) LIS-CSH,"Cold Spring Harbor, and tidal tribs",entire bay,Atlantic-Long Island Sound,https://www.dec.ny.gov/data/WQP/PWL/1702-0018.html,9443137.85571289,23913.674402450088
1701-0165,(MW6.1d) GB..GPB,Great Peconic Bay and minor coves,entire bay and selected/smaller tidal tribs,Atlantic-Long Island Sound,https://www.dec.ny.gov/data/WQP/PWL/1701-0165.pdf,77542171.37817383,36983.29280208501
1701-0166,(MW6.3g) GB-NB-NH,Napeague Harbor and tidal tribs,entire harbor and tidal tribs,Atlantic-Long Island Sound,https://www.dec.ny.gov/data/WQP/PWL/1701-0166.pdf,3533836.9099121094,10414.38933960423
1701-0146,(MW7.1a) AO-P786,Sagaponack Pond,entire tidal waterbody,Atlantic-Long Island Sound,https://www.dec.ny.gov/data/WQP/PWL/1701-0146.html,375523.4221191406,3913.6306113414184
1701-0148,(MW8.6a) JB-252a,Sheepshead Bay,entire bay,Atlantic-Long Island Sound,https://www.dec.ny.gov/data/WQP/PWL/1701-0148.pdf,395264.08642578125,4161.181383854016
1701-0301,(MW7.1b) AO-SB-QgC,Quogue Canal,"entire canal, between Shinnecock Bay and Quantuck Bay",Atlantic-Long Island Sound,https://www.dec.ny.gov/data/WQP/PWL/1701-0301.html,97489.64013671875,4352.656593098639
1701-0167,(MW6.3d) GB-SIS(-NB),Noyack Bay,entire bay,Atlantic-Long Island Sound,https://www.dec.ny.gov/data/WQP/PWL/1701-0167.pdf,17336081.989990234,18203.79443725158
1701-0179,(MW1.1)  LB/GB,Lower New York Bay/Gravesend Bay,"entire bay, as described below",Atlantic-Long Island Sound,https://www.dec.ny.gov/data/WQP/PWL/1701-0179.pdf,120770484.13476562,53309.798758296485
1701-0150,(MW1.3)  SI- 8 (portion 2),Richmond/Main Creeks and tribs,reach and tribs above confluence (tidal),Atlantic-Long Island Sound,https://www.dec.ny.gov/data/WQP/PWL/1701-0150.pdf,775043.275390625,15115.888454138156
1701-0226,(MW8.6)  JB,"Jamaica Bay, Western, and tribs (Brklynb",portion of bay and selected tidal tribs within Brooklyn,Atlantic-Long Island Sound,https://www.dec.ny.gov/data/WQP/PWL/1701-0226.pdf,26470834.388183594,138311.32782367597
1702-0004,(MW2.3)  ER-1,Harlem River,"entire river, from East River to Hudson River",Atlantic-Long Island Sound,https://www.dec.ny.gov/data/WQP/PWL/1702-0004.html,2070399.6745605469,31547.090797107496
1702-0098,(MW5.3)  LIS (portion 4),"Long Island Sound, Suffolk County, West",Sound fr Nassau/Suffolk Co line to Old Field Point,Atlantic-Long Island Sound,https://www.dec.ny.gov/data/WQP/PWL/1702-0098.pdf,180624521.71264648,72503.2449976019
1702-0121,(MW3.2)  LIS- 6,Echo Harbor/Premium Millpond,reach and tribs from mouth to Route 1 (tidal portion),Atlantic-Long Island Sound,https://www.dec.ny.gov/data/WQP/PWL/1702-0121.pdf,40541.43408203125,3161.6829890533936
1702-0151,(MW5.1c) LIS-OBH-MNC,Mill Neck Creek and tidal tribs,entire tidal reach and tribs,Atlantic-Long Island Sound,https://www.dec.ny.gov/data/WQP/PWL/1702-0151.html,1183974.4956054688,10853.422063996832
1702-0228,(MW5.2a) LIS-HB-HH,Huntington Harbor,entire harbor,Atlantic-Long Island Sound,https://www.dec.ny.gov/data/WQP/PWL/1702-0228.html,1402377.4965820312,10692.739231527792
1702-0229,(MW5.2a) LIS-HB-NB-CH,Centerport Harbor,entire harbor,Atlantic-Long Island Sound,https://www.dec.ny.gov/data/WQP/PWL/1702-0229.html,1483998.8449707031,9530.53831075413
1702-0240,(MW5.4b) LIS-P339,Flax Pond,entire tidal waterbody,Atlantic-Long Island Sound,https://www.dec.ny.gov/data/WQP/PWL/1702-0240.html,251120.77880859375,6517.428709935795
1702-0012,(MW2.4)  ER-4,Westchester Creek,"entire tidal reach, incl Pugsley Cr",Atlantic-Long Island Sound,https://www.dec.ny.gov/data/WQP/PWL/1702-0012.html,1073174.1389160156,11471.312154532914
1702-0242,(MW5.4c) LIS-PJH-SH,Setauket Harbor,entire harbor,Atlantic-Long Island Sound,https://www.dec.ny.gov/data/WQP/PWL/1702-0242.html,843695.6901855469,7719.887397429077
1701-0228,(MW6.1a) GB- 76-P395,Dam Pond,entire tidal waterbody,Atlantic-Long Island Sound,https://www.dec.ny.gov/data/WQP/PWL/1701-0228.pdf,211402.8837890625,4494.50473337075
1702-0029,(MW4.1a)  ER/LIS-LNB,Little Neck Bay,"entire bay, as described below",Atlantic-Long Island Sound,https://www.dec.ny.gov/data/WQP/PWL/1702-0029.html,6440639.758300781,15952.922371732882
1701-0044,(MW6.1b) GB-SIS/SB,Southold Bay,entire bay,Atlantic-Long Island Sound,https://www.dec.ny.gov/data/WQP/PWL/1701-0044.pdf,2931505.112548828,9987.304428300951
1701-0218,(MW8.4a) HB-232 thru 237,Tidal Tribs to Hempstead Bay,total area of selected tidal tribs to bay,Atlantic-Long Island Sound,https://www.dec.ny.gov/data/WQP/PWL/1701-0218.html,1571246.8247070312,45595.5340633279
1701-0220,(MW8.4)  HB (portion 4)/HIC,Hog Island Channel,entire channel,Atlantic-Long Island Sound,https://www.dec.ny.gov/data/WQP/PWL/1701-0220.html,751193.1560058594,14452.949479459065
1701-0032,(MW8.4)  HB (portion 1),Hempstead Bay,entire bay,Atlantic-Long Island Sound,https://www.dec.ny.gov/data/WQP/PWL/1701-0032.html,5332451.433837891,75231.9723764956
1701-0034,(MW7.1b) AO-P790,Mecox Bay and tribs,entire bay and selected/smaller tidal tribs,Atlantic-Long Island Sound,https://www.dec.ny.gov/data/WQP/PWL/1701-0034.html,4320060.12109375,31308.8131287077
1701-0304,(MW7.1c) AO-SB-QB-158-P835a,Old Ice Pond,entire pond,Atlantic-Long Island Sound,https://www.dec.ny.gov/data/WQP/PWL/1701-0304.pdf,40588.2783203125,1288.7614186969527
1701-0049,(MW6.1b) GB-SIS- 78,Stirling Creek and Basin,entire basin,Atlantic-Long Island Sound,https://www.dec.ny.gov/data/WQP/PWL/1701-0049.html,150082.9541015625,3791.517541291306
1701-0213,"(MW8.3a) MDB-SC,232a",Shell Creek and Barnums Channel,tidal portions of both streams/channels,Atlantic-Long Island Sound,https://www.dec.ny.gov/data/WQP/PWL/1701-0213.pdf,413313.7985839844,8461.88070568186
1701-0242,(MW6.3d) GB-SIS-SI-WNH-8 thru 9,"Dickerson, Menantic, West Neck Creeks",total area of all three tidal streams,Atlantic-Long Island Sound,https://www.dec.ny.gov/data/WQP/PWL/1701-0242.html,1133181.9899902344,16388.914048517276
1701-0243,(MW6.1c) GB..LPB- 88,Cedar Beach Creek and tidal tribs,entire tidal reach and tribs,Atlantic-Long Island Sound,https://www.dec.ny.gov/data/WQP/PWL/1701-0243.pdf,139054.03784179688,6359.629604726838
1701-0247,(MW6.1d) GB..GPB- 97 thru 104,"Tidal Tribs to Gr Peconic Bay, Northshr",total tidal portions of selected tribs,Atlantic-Long Island Sound,https://www.dec.ny.gov/data/WQP/PWL/1701-0247.html,406884.34716796875,18289.997328590132
1702-0116,(MW3.2)  LIS- 7,Larchmont Harbor,"entire harbor, as described below",Atlantic-Long Island Sound,https://www.dec.ny.gov/data/WQP/PWL/1702-0116.html,839542.0217285156,8787.451359690327
1701-0326,(MW7.3)  AO-GSB (portion 5),Patchogue Bay,"entire bay, as described below",Atlantic-Long Island Sound,https://www.dec.ny.gov/data/WQP/PWL/1701-0326.html,8564911.865478516,19367.25824723516
1701-0277,(MW6.3g) GB-140/P729,Hog Creek and tidal tribs,entire tidal reach and tribs,Atlantic-Long Island Sound,https://www.dec.ny.gov/data/WQP/PWL/1701-0277.html,131802.302734375,3375.115925644788
1701-0112,(MW7.1b) AO-SB-TB,Tiana Bay and tidal tribs,entire bay and tidal tribs,Atlantic-Long Island Sound,https://www.dec.ny.gov/data/WQP/PWL/1701-0112.pdf,2395461.934814453,11983.50513620913
1701-0256,(MW6.1e) GB..FB-110,Meetinghouse/Terrys Creeks and tribs,entire tidal reach and tribs,Atlantic-Long Island Sound,https://www.dec.ny.gov/data/WQP/PWL/1701-0256.html,384599.9948730469,9654.62814956603
1701-0237,(MW6.3d) GB-SIS-126,Noyack Creek and tidal tribs,entire tidal reach and tribs,Atlantic-Long Island Sound,https://www.dec.ny.gov/data/WQP/PWL/1701-0237.html,373558.52978515625,7624.162605915861
1701-0231,(MW6.1b) GB-SIS- 77-P400,Gull Pond,entire tidal waterbody,Atlantic-Long Island Sound,https://www.dec.ny.gov/data/WQP/PWL/1701-0231.pdf,44783.112548828125,1768.8920632671127
1702-0006,(MW2.4)  ER-3,"Bronx River, Lower",river from mouth to East Tremont Avenue (tidal),Atlantic-Long Island Sound,https://www.dec.ny.gov/data/WQP/PWL/1702-0006.html,639837.1333007812,11489.392110080116
1702-0007,(MW3.1)  LIS- 2 (portion 1),Eastchester Bay,"entire bay, as described below",Atlantic-Long Island Sound,https://www.dec.ny.gov/data/WQP/PWL/1702-0007.pdf,3893930.1860351562,17875.982673347266
1701-0361,(MW8.5a) JB-249,Spring Creek and tribs,entire basin and tidal tribs,Atlantic-Long Island Sound,https://www.dec.ny.gov/data/WQP/PWL/1701-0361.html,30633.406005859375,3820.185630067652
1702-0259,(MW3.2)  LIS- 4 (portion 1),New Rochelle Harbor,"entire harbor, as described below",Atlantic-Long Island Sound,https://www.dec.ny.gov/data/WQP/PWL/1702-0259.html,1137556.3862304688,15975.663812967383
1701-0371,(MW7.1c) AO-SB-QB-QtC,Quantuck Canal/Moneybogue Bay,"entire canal/bay, as described below",Atlantic-Long Island Sound,https://www.dec.ny.gov/data/WQP/PWL/1701-0371.html,464810.4187011719,8055.532716158219
1701-0194,(MW8.5a) JB-241 thru 249 (select),Minor Tidal Tribs to Jamaica Bay,total area of all selected tribs,Atlantic-Long Island Sound,https://www.dec.ny.gov/data/WQP/PWL/1701-0194.pdf,26204.253662109375,1502.6574430601113
1701-0185,(MW1.3)  UB-EB,Erie Basin,"entire basin, as described below",Atlantic-Long Island Sound,https://www.dec.ny.gov/data/WQP/PWL/1701-0185.html,326824.5246582031,8752.891799198984
1701-0216,(MW8.4)  HB (portion 5)/RC,"Reynolds Channel, west","channel, from Long Beach Blvd to Atlantic Beach Bridge",Atlantic-Long Island Sound,https://www.dec.ny.gov/data/WQP/PWL/1701-0216.html,2753031.322998047,16075.840202119038
1702-0062,(MW3.4)  LIS-11,"Blind Brook, Lower",stream from mouth to end of tidal portion,Atlantic Ocean/Long Island Soun,https://www.dec.ny.gov/data/WQP/PWL/1702-0062.pdf,69556.54174804688,3903.6946284626933
1702-0115,(MW2.5)  ER-LI- 8 thru 15 (select),Minor Tribs to Upper East River,total area of selected tidal tribs to river,Atlantic Ocean/Long Island Soun,https://www.dec.ny.gov/data/WQP/PWL/1702-0115.pdf,1022642.2590332031,8957.999265845154
1702-0132,(MW3.6)  LIS-13,"Byram River, Lower",river from mouth to Route 1 (tidal portion),Atlantic Ocean/Long Island Soun,https://www.dec.ny.gov/data/WQP/PWL/1702-0132.pdf,53488.88525390625,2159.667223486802
1702-0126,(MW3.3)  LIS- 9,"Beaver Swamp Brook, Lower",reach from mouth to end of tidal portion,Atlantic Ocean/Long Island Soun,https://www.dec.ny.gov/data/WQP/PWL/1702-0126.pdf,30853.02783203125,2014.6081071423557
1702-0265,(MW5.4d) LIS (portion 5),"Long Island Sound, Suffolk Co, Central",Sound from Old Field Point to Mattituck Inlet,Atlantic-Long Island Sound,https://www.dec.ny.gov/data/WQP/PWL/1702-0265.html,737270653.0849609,126584.1793139919
1702-0009,(MW4.1a)  ER/LIS-LNB-19 thru 20,Alley Creek/Little Neck Bay Trib,entire tidal reach and tribs,Atlantic-Long Island Sound,https://www.dec.ny.gov/data/WQP/PWL/1702-0009.html,47275.451171875,3128.8686807677095
1701-0187,(MW1.2)  SI- 2,Great Kills Creek/Harbor,total area of selected tidal tribs,Atlantic-Long Island Sound,https://www.dec.ny.gov/data/WQP/PWL/1701-0187.pdf,1253604.2197265625,6616.765273842092
1701-0189,(MW1.2)  SI- 7a thru 7e,"Minor Staten Island Tribs, Lower",total area of selected tidal tribs,Atlantic Ocean/Long Island Soun,https://www.dec.ny.gov/data/WQP/PWL/1701-0189.pdf,184369.12670898438,7304.180243201694
1701-0302,(MW7.1b) AO-SB-QgC-P834,Ogden Pond,entire pond,Atlantic-Long Island Sound,https://www.dec.ny.gov/data/WQP/PWL/1701-0302.html,52575.072509765625,1118.427716123031
"1701-0181
",(MW1.2)  RB (portion 3),Raritan Bay (Class I),"portion of bay, as described",Atlantic Ocean/Long Island Soun,"https://www.dec.ny.gov/data/WQP/PWL/1701-0181.pdf
.pdf.pdf",537328.1528320312,3627.7271670184273
1701-0002,(MW1.2)  RB (portion 1),"Raritan Bay, East","portion of bay, as described below",Atlantic-Long Island Sound,https://www.dec.ny.gov/data/WQP/PWL/1701-0002.html,25236327.547851562,22145.810117501005
1701-0004,(MW1.1)  LB,Lower New York Bay,"entire bay, as described below",Atlantic-Long Island Sound,https://www.dec.ny.gov/data/WQP/PWL/1701-0004.pdf,7949395.113769531,17689.94696115424
1701-0005,(MW8.5)  JB,"Jamaica Bay, Eastern, and tribs (Queens)",portion of bay and selected tidal tribs within Queens,Atlantic-Long Island Sound,https://www.dec.ny.gov/data/WQP/PWL/1701-0005.html,28818710.788330078,185813.8731766135
1701-0006,(MW8.6a) JB-249a,Hendrix Creek,entire creek/basin,Atlantic-Long Island Sound,https://www.dec.ny.gov/data/WQP/PWL/1701-0006.html,220629.1455078125,4393.1413170926335
1701-0007,(MW8.5a) JB-248,Hawtree Basin,entire basin,Atlantic-Long Island Sound,https://www.dec.ny.gov/data/WQP/PWL/1701-0007.pdf,134316.97192382812,6867.850925941508
1701-0011,(MW1.3)  UB-EB-  1,Gowanus Canal,entire canal,Atlantic-Long Island Sound,https://www.dec.ny.gov/data/WQP/PWL/1701-0011.html,522020.2258300781,16800.615987935435
1701-0210,(MW8.3a) MDB-232,Bedell Creek and tidal tribs,total area of selected tidal tribs to bay,Atlantic-Long Island Sound,https://www.dec.ny.gov/data/WQP/PWL/1701-0210.pdf,340581.4541015625,21807.47323576685
1701-0008,(MW1.1)  LB/GB-253,Coney Island Creek,entire estuary/stream,Atlantic-Long Island Sound,https://www.dec.ny.gov/data/WQP/PWL/1701-0008.html,94832.18383789062,3852.9986633375206
1701-0009,(MW8.5a) JB-247,Bergen Basin,entire basin,Atlantic-Long Island Sound,https://www.dec.ny.gov/data/WQP/PWL/1701-0009.html,280434.5627441406,5869.7442374690545
1701-0010,(MW1.3)  SI (portion 1),"Arthur Kill, South, and minor tribs",river from mouth to Outerbridge Crossing,Atlantic-Long Island Sound,https://www.dec.ny.gov/data/WQP/PWL/1701-0010.html,993737.6242675781,8106.013732711242
1701-0001,(MW8.5a) JB-248a,Shellbank Basin,entire basin,Atlantic-Long Island Sound,https://www.dec.ny.gov/data/WQP/PWL/1701-0001.html,183456.93139648438,4460.19945867704
1701-0300,(MW7.1b) AO-SB-156,Penniman Creek and tidal tribs,entire tidal reach and tribs,Atlantic-Long Island Sound,https://www.dec.ny.gov/data/WQP/PWL/1701-0300.html,218329.03930664062,3152.2801907546605
1701-0182,(MW1.3)  SI (portion 2),"Arthur Kill, North, and minor tribs",river from Outerbridge Crossing to Newark Bay,Atlantic-Long Island Sound,https://www.dec.ny.gov/data/WQP/PWL/1701-0182.html,4927510.5869140625,41238.633165556625
1701-0183,(MW1.3)  SI (portion 3),Kill Van Kull/Newark Bay,"entire bay, within New York State",Atlantic-Long Island Sound,https://www.dec.ny.gov/data/WQP/PWL/1701-0183.pdf,1214607.7543945312,7770.163407867253
1701-0296,(MW7.1b) AO-SB-120,"Shinnecock Canal, south end, and tribs","canal, from Shinnecock Bay to locks and tribs",Atlantic Ocean/Long Island Soun,https://www.dec.ny.gov/data/WQP/PWL/1701-0296.pdf,15192.0927734375,931.9816915107632
1702-0042,(MW3.2)  LIS- 7,East Creek and tidal tribs,entire tidal reach and tribs,Atlantic Ocean/Long Island Soun,https://www.dec.ny.gov/data/WQP/PWL/1702-0042.pdf,43276.20068359375,3217.61449068417
1701-0184,(MW1.2)  SI (portion 4),Kill Van Kull,"entire river, within New York State",Atlantic Ocean/Long Island Soun,https://www.dec.ny.gov/data/WQP/PWL/1701-0184.html,1505896.2890625,10949.822515613756
